mean_fit_time,std_fit_time,mean_score_time,std_score_time,param_model__colsample_bytree,param_model__learning_rate,param_model__max_depth,param_model__subsample,params,split0_test_score,mean_test_score,std_test_score,rank_test_score,split0_train_score,mean_train_score,std_train_score
0.012625455856323242,0.0,0.0015347003936767578,0.0,0.8,0.05,5,0.8,"{'model__colsample_bytree': 0.8, 'model__learning_rate': 0.05, 'model__max_depth': 5, 'model__subsample': 0.8}",0.9565217391304348,0.9565217391304348,0.0,1,1.0,1.0,0.0
0.010332345962524414,0.0,0.0011906623840332031,0.0,0.8,0.05,5,0.9,"{'model__colsample_bytree': 0.8, 'model__learning_rate': 0.05, 'model__max_depth': 5, 'model__subsample': 0.9}",0.9565217391304348,0.9565217391304348,0.0,1,1.0,1.0,0.0
0.010730981826782227,0.0,0.0012021064758300781,0.0,0.8,0.05,6,0.8,"{'model__colsample_bytree': 0.8, 'model__learning_rate': 0.05, 'model__max_depth': 6, 'model__subsample': 0.8}",0.9565217391304348,0.9565217391304348,0.0,1,1.0,1.0,0.0
0.010861635208129883,0.0,0.0012614727020263672,0.0,0.8,0.05,6,0.9,"{'model__colsample_bytree': 0.8, 'model__learning_rate': 0.05, 'model__max_depth': 6, 'model__subsample': 0.9}",0.9565217391304348,0.9565217391304348,0.0,1,1.0,1.0,0.0
0.012093544006347656,0.0,0.0011548995971679688,0.0,0.8,0.05,7,0.8,"{'model__colsample_bytree': 0.8, 'model__learning_rate': 0.05, 'model__max_depth': 7, 'model__subsample': 0.8}",0.9565217391304348,0.9565217391304348,0.0,1,1.0,1.0,0.0
0.01225137710571289,0.0,0.0011622905731201172,0.0,0.8,0.05,7,0.9,"{'model__colsample_bytree': 0.8, 'model__learning_rate': 0.05, 'model__max_depth': 7, 'model__subsample': 0.9}",0.9565217391304348,0.9565217391304348,0.0,1,1.0,1.0,0.0
0.008569002151489258,0.0,0.0011382102966308594,0.0,0.8,0.1,5,0.8,"{'model__colsample_bytree': 0.8, 'model__learning_rate': 0.1, 'model__max_depth': 5, 'model__subsample': 0.8}",0.9565217391304348,0.9565217391304348,0.0,1,1.0,1.0,0.0
0.008299112319946289,0.0,0.0011510848999023438,0.0,0.8,0.1,5,0.9,"{'model__colsample_bytree': 0.8, 'model__learning_rate': 0.1, 'model__max_depth': 5, 'model__subsample': 0.9}",0.9565217391304348,0.9565217391304348,0.0,1,1.0,1.0,0.0
0.008810997009277344,0.0,0.001130819320678711,0.0,0.8,0.1,6,0.8,"{'model__colsample_bytree': 0.8, 'model__learning_rate': 0.1, 'model__max_depth': 6, 'model__subsample': 0.8}",0.9565217391304348,0.9565217391304348,0.0,1,1.0,1.0,0.0
0.009007453918457031,0.0,0.0011365413665771484,0.0,0.8,0.1,6,0.9,"{'model__colsample_bytree': 0.8, 'model__learning_rate': 0.1, 'model__max_depth': 6, 'model__subsample': 0.9}",0.9565217391304348,0.9565217391304348,0.0,1,1.0,1.0,0.0
0.009344816207885742,0.0,0.0011425018310546875,0.0,0.8,0.1,7,0.8,"{'model__colsample_bytree': 0.8, 'model__learning_rate': 0.1, 'model__max_depth': 7, 'model__subsample': 0.8}",0.9565217391304348,0.9565217391304348,0.0,1,1.0,1.0,0.0
0.009318351745605469,0.0,0.001293182373046875,0.0,0.8,0.1,7,0.9,"{'model__colsample_bytree': 0.8, 'model__learning_rate': 0.1, 'model__max_depth': 7, 'model__subsample': 0.9}",0.9565217391304348,0.9565217391304348,0.0,1,1.0,1.0,0.0
0.009613990783691406,0.0,0.0011224746704101562,0.0,0.8,0.2,5,0.8,"{'model__colsample_bytree': 0.8, 'model__learning_rate': 0.2, 'model__max_depth': 5, 'model__subsample': 0.8}",0.9565217391304348,0.9565217391304348,0.0,1,1.0,1.0,0.0
0.008617877960205078,0.0,0.0011451244354248047,0.0,0.8,0.2,5,0.9,"{'model__colsample_bytree': 0.8, 'model__learning_rate': 0.2, 'model__max_depth': 5, 'model__subsample': 0.9}",0.9565217391304348,0.9565217391304348,0.0,1,1.0,1.0,0.0
0.007619380950927734,0.0,0.0011277198791503906,0.0,0.8,0.2,6,0.8,"{'model__colsample_bytree': 0.8, 'model__learning_rate': 0.2, 'model__max_depth': 6, 'model__subsample': 0.8}",0.9565217391304348,0.9565217391304348,0.0,1,1.0,1.0,0.0
0.0074198246002197266,0.0,0.0011272430419921875,0.0,0.8,0.2,6,0.9,"{'model__colsample_bytree': 0.8, 'model__learning_rate': 0.2, 'model__max_depth': 6, 'model__subsample': 0.9}",0.9565217391304348,0.9565217391304348,0.0,1,1.0,1.0,0.0
0.007506847381591797,0.0,0.0011141300201416016,0.0,0.8,0.2,7,0.8,"{'model__colsample_bytree': 0.8, 'model__learning_rate': 0.2, 'model__max_depth': 7, 'model__subsample': 0.8}",0.9565217391304348,0.9565217391304348,0.0,1,1.0,1.0,0.0
0.008062362670898438,0.0,0.001840829849243164,0.0,0.8,0.2,7,0.9,"{'model__colsample_bytree': 0.8, 'model__learning_rate': 0.2, 'model__max_depth': 7, 'model__subsample': 0.9}",0.9565217391304348,0.9565217391304348,0.0,1,1.0,1.0,0.0
0.009405136108398438,0.0,0.0011448860168457031,0.0,0.9,0.05,5,0.8,"{'model__colsample_bytree': 0.9, 'model__learning_rate': 0.05, 'model__max_depth': 5, 'model__subsample': 0.8}",0.9565217391304348,0.9565217391304348,0.0,1,1.0,1.0,0.0
0.009668588638305664,0.0,0.0012636184692382812,0.0,0.9,0.05,5,0.9,"{'model__colsample_bytree': 0.9, 'model__learning_rate': 0.05, 'model__max_depth': 5, 'model__subsample': 0.9}",0.9565217391304348,0.9565217391304348,0.0,1,1.0,1.0,0.0
0.010960817337036133,0.0,0.0011677742004394531,0.0,0.9,0.05,6,0.8,"{'model__colsample_bytree': 0.9, 'model__learning_rate': 0.05, 'model__max_depth': 6, 'model__subsample': 0.8}",0.9565217391304348,0.9565217391304348,0.0,1,1.0,1.0,0.0
0.010638713836669922,0.0,0.0011663436889648438,0.0,0.9,0.05,6,0.9,"{'model__colsample_bytree': 0.9, 'model__learning_rate': 0.05, 'model__max_depth': 6, 'model__subsample': 0.9}",0.9565217391304348,0.9565217391304348,0.0,1,1.0,1.0,0.0
0.012323141098022461,0.0,0.0011670589447021484,0.0,0.9,0.05,7,0.8,"{'model__colsample_bytree': 0.9, 'model__learning_rate': 0.05, 'model__max_depth': 7, 'model__subsample': 0.8}",0.9565217391304348,0.9565217391304348,0.0,1,1.0,1.0,0.0
0.011435747146606445,0.0,0.0011937618255615234,0.0,0.9,0.05,7,0.9,"{'model__colsample_bytree': 0.9, 'model__learning_rate': 0.05, 'model__max_depth': 7, 'model__subsample': 0.9}",0.9565217391304348,0.9565217391304348,0.0,1,1.0,1.0,0.0
0.008168458938598633,0.0,0.0011372566223144531,0.0,0.9,0.1,5,0.8,"{'model__colsample_bytree': 0.9, 'model__learning_rate': 0.1, 'model__max_depth': 5, 'model__subsample': 0.8}",0.9565217391304348,0.9565217391304348,0.0,1,1.0,1.0,0.0
0.008507251739501953,0.0,0.0011472702026367188,0.0,0.9,0.1,5,0.9,"{'model__colsample_bytree': 0.9, 'model__learning_rate': 0.1, 'model__max_depth': 5, 'model__subsample': 0.9}",0.9565217391304348,0.9565217391304348,0.0,1,1.0,1.0,0.0
0.009149789810180664,0.0,0.001234292984008789,0.0,0.9,0.1,6,0.8,"{'model__colsample_bytree': 0.9, 'model__learning_rate': 0.1, 'model__max_depth': 6, 'model__subsample': 0.8}",0.9565217391304348,0.9565217391304348,0.0,1,1.0,1.0,0.0
0.00977945327758789,0.0,0.001142740249633789,0.0,0.9,0.1,6,0.9,"{'model__colsample_bytree': 0.9, 'model__learning_rate': 0.1, 'model__max_depth': 6, 'model__subsample': 0.9}",0.9565217391304348,0.9565217391304348,0.0,1,1.0,1.0,0.0
0.008932352066040039,0.0,0.001207113265991211,0.0,0.9,0.1,7,0.8,"{'model__colsample_bytree': 0.9, 'model__learning_rate': 0.1, 'model__max_depth': 7, 'model__subsample': 0.8}",0.9565217391304348,0.9565217391304348,0.0,1,1.0,1.0,0.0
0.009303092956542969,0.0,0.0011320114135742188,0.0,0.9,0.1,7,0.9,"{'model__colsample_bytree': 0.9, 'model__learning_rate': 0.1, 'model__max_depth': 7, 'model__subsample': 0.9}",0.9565217391304348,0.9565217391304348,0.0,1,1.0,1.0,0.0
0.008239507675170898,0.0,0.0011413097381591797,0.0,0.9,0.2,5,0.8,"{'model__colsample_bytree': 0.9, 'model__learning_rate': 0.2, 'model__max_depth': 5, 'model__subsample': 0.8}",0.9565217391304348,0.9565217391304348,0.0,1,1.0,1.0,0.0
0.006963968276977539,0.0,0.0012488365173339844,0.0,0.9,0.2,5,0.9,"{'model__colsample_bytree': 0.9, 'model__learning_rate': 0.2, 'model__max_depth': 5, 'model__subsample': 0.9}",0.9565217391304348,0.9565217391304348,0.0,1,1.0,1.0,0.0
0.007497549057006836,0.0,0.001142740249633789,0.0,0.9,0.2,6,0.8,"{'model__colsample_bytree': 0.9, 'model__learning_rate': 0.2, 'model__max_depth': 6, 'model__subsample': 0.8}",0.9565217391304348,0.9565217391304348,0.0,1,1.0,1.0,0.0
0.007931232452392578,0.0,0.0011396408081054688,0.0,0.9,0.2,6,0.9,"{'model__colsample_bytree': 0.9, 'model__learning_rate': 0.2, 'model__max_depth': 6, 'model__subsample': 0.9}",0.9565217391304348,0.9565217391304348,0.0,1,1.0,1.0,0.0
0.009714841842651367,0.0,0.001190185546875,0.0,0.9,0.2,7,0.8,"{'model__colsample_bytree': 0.9, 'model__learning_rate': 0.2, 'model__max_depth': 7, 'model__subsample': 0.8}",0.9565217391304348,0.9565217391304348,0.0,1,1.0,1.0,0.0
0.007332324981689453,0.0,0.0011706352233886719,0.0,0.9,0.2,7,0.9,"{'model__colsample_bytree': 0.9, 'model__learning_rate': 0.2, 'model__max_depth': 7, 'model__subsample': 0.9}",0.9565217391304348,0.9565217391304348,0.0,1,1.0,1.0,0.0
