Dataset Name,Method,IQR Used,Filtered,MCC,F1-score (Malignant),AUC (Binary),Recall (Malignant),AUC (Probability),Balanced_Accuracy,F1-score (Benign),Frobenius_Kendall_Diff,Generation_Time,PR_AUC,Precision (Benign),Precision (Malignant),Recall (Benign),Training_Time
balanced_artificial_dataset,gan-tutorial,True,True,0.6826 (± 0.0392),0.9748 (± 0.0026),0.7940 (± 0.0256),0.9881 (± 0.0021),0.9468 (± 0.0169),0.7940 (± 0.0256),0.6962 (± 0.0399),0.1436 (± 0.0146),2.3408 (± 0.1467),0.9939 (± 0.0021),0.8313 (± 0.0278),0.9618 (± 0.0047),0.6000 (± 0.0511),1.2707 (± 0.3074)
balanced_artificial_dataset,gan-paper,False,True,0.6796 (± 0.0373),0.9737 (± 0.0038),0.8041 (± 0.0203),0.9838 (± 0.0081),0.9501 (± 0.0174),0.8041 (± 0.0203),0.6982 (± 0.0337),0.1556 (± 0.0450),1.2702 (± 0.1726),0.9942 (± 0.0026),0.7978 (± 0.0687),0.9639 (± 0.0039),0.6243 (± 0.0432),1.2171 (± 0.1936)
balanced_artificial_dataset,gan-tutorial,False,True,0.6795 (± 0.0229),0.9747 (± 0.0020),0.7841 (± 0.0176),0.9899 (± 0.0055),0.9455 (± 0.0229),0.7841 (± 0.0176),0.6879 (± 0.0225),0.1425 (± 0.0108),2.3570 (± 0.1171),0.9934 (± 0.0036),0.8545 (± 0.0564),0.9599 (± 0.0034),0.5784 (± 0.0387),1.0972 (± 0.1442)
balanced_artificial_dataset,gan-paper_2,True,True,0.6784 (± 0.0226),0.9742 (± 0.0022),0.7923 (± 0.0202),0.9873 (± 0.0067),0.9488 (± 0.0170),0.7923 (± 0.0202),0.6914 (± 0.0230),0.1608 (± 0.0219),1.6219 (± 0.2126),0.9938 (± 0.0025),0.8285 (± 0.0625),0.9615 (± 0.0040),0.5973 (± 0.0452),1.2642 (± 0.3986)
balanced_artificial_dataset,gan-tutorial,True,False,0.6756 (± 0.0209),0.9741 (± 0.0013),0.7921 (± 0.0215),0.9870 (± 0.0041),0.9502 (± 0.0202),0.7921 (± 0.0215),0.6900 (± 0.0239),0.1340 (± 0.0229),2.3408 (± 0.1467),0.9942 (± 0.0027),0.8213 (± 0.0356),0.9615 (± 0.0041),0.5973 (± 0.0462),1.2261 (± 0.1929)
balanced_artificial_dataset,wgangp,True,False,0.6755 (± 0.0175),0.9747 (± 0.0013),0.7732 (± 0.0140),0.9923 (± 0.0033),0.9527 (± 0.0188),0.7732 (± 0.0140),0.6785 (± 0.0186),0.1330 (± 0.0147),0.7776 (± 0.0768),0.9945 (± 0.0026),0.8786 (± 0.0395),0.9578 (± 0.0027),0.5541 (± 0.0302),1.2027 (± 0.1932)
balanced_artificial_dataset,smotified_gan,False,True,0.6744 (± 0.0488),0.9740 (± 0.0040),0.7914 (± 0.0262),0.9869 (± 0.0060),0.9366 (± 0.0159),0.7914 (± 0.0262),0.6888 (± 0.0456),0.1780 (± 0.0287),3.1059 (± 1.0331),0.9920 (± 0.0027),0.8206 (± 0.0642),0.9614 (± 0.0048),0.5959 (± 0.0519),1.0159 (± 0.0790)
balanced_artificial_dataset,smote,False,True,0.6739 (± 0.0240),0.9716 (± 0.0026),0.8277 (± 0.0190),0.9743 (± 0.0069),0.9544 (± 0.0129),0.8277 (± 0.0190),0.7009 (± 0.0220),0.1549 (± 0.0129),0.0016 (± 0.0002),0.9950 (± 0.0017),0.7252 (± 0.0428),0.9689 (± 0.0039),0.6811 (± 0.0423),1.2266 (± 0.1960)
balanced_artificial_dataset,wgangp,True,True,0.6731 (± 0.0198),0.9746 (± 0.0013),0.7706 (± 0.0172),0.9926 (± 0.0031),0.9462 (± 0.0199),0.7706 (± 0.0172),0.6751 (± 0.0225),0.1434 (± 0.0093),0.7776 (± 0.0768),0.9935 (± 0.0030),0.8812 (± 0.0375),0.9573 (± 0.0032),0.5486 (± 0.0365),1.1303 (± 0.1618)
balanced_artificial_dataset,smote,False,False,0.6727 (± 0.0337),0.9711 (± 0.0041),0.8297 (± 0.0103),0.9729 (± 0.0085),0.9550 (± 0.0149),0.8297 (± 0.0103),0.7006 (± 0.0293),0.1703 (± 0.0169),0.0016 (± 0.0002),0.9949 (± 0.0020),0.7180 (± 0.0606),0.9694 (± 0.0020),0.6865 (± 0.0222),1.3178 (± 0.2162)
balanced_artificial_dataset,smotified_gan,True,True,0.6669 (± 0.0466),0.9731 (± 0.0040),0.7918 (± 0.0211),0.9850 (± 0.0069),0.9433 (± 0.0156),0.7918 (± 0.0211),0.6839 (± 0.0414),0.1745 (± 0.0362),3.4798 (± 0.6531),0.9929 (± 0.0025),0.8020 (± 0.0709),0.9616 (± 0.0038),0.5986 (± 0.0418),1.0079 (± 0.0485)
balanced_artificial_dataset,smotified_gan,True,False,0.6664 (± 0.0434),0.9730 (± 0.0037),0.7947 (± 0.0235),0.9841 (± 0.0062),0.9459 (± 0.0136),0.7947 (± 0.0235),0.6849 (± 0.0404),0.1543 (± 0.0291),3.4798 (± 0.6531),0.9931 (± 0.0025),0.7929 (± 0.0610),0.9622 (± 0.0043),0.6054 (± 0.0472),1.0971 (± 0.0550)
balanced_artificial_dataset,gan-paper_2,False,True,0.6658 (± 0.0271),0.9738 (± 0.0020),0.7747 (± 0.0234),0.9899 (± 0.0058),0.9436 (± 0.0179),0.7747 (± 0.0234),0.6725 (± 0.0268),0.1514 (± 0.0204),1.7284 (± 0.3351),0.9932 (± 0.0026),0.8518 (± 0.0650),0.9582 (± 0.0045),0.5595 (± 0.0511),1.0407 (± 0.1946)
balanced_artificial_dataset,gan-tutorial,False,False,0.6627 (± 0.0228),0.9735 (± 0.0020),0.7732 (± 0.0217),0.9897 (± 0.0063),0.9456 (± 0.0213),0.7732 (± 0.0217),0.6693 (± 0.0247),0.1529 (± 0.0292),2.3570 (± 0.1171),0.9934 (± 0.0032),0.8493 (± 0.0697),0.9579 (± 0.0042),0.5568 (± 0.0482),1.1220 (± 0.1370)
balanced_artificial_dataset,smote,True,True,0.6620 (± 0.0292),0.9709 (± 0.0026),0.8173 (± 0.0256),0.9751 (± 0.0072),0.9521 (± 0.0114),0.8173 (± 0.0256),0.6888 (± 0.0275),0.1459 (± 0.0311),0.0016 (± 0.0001),0.9945 (± 0.0016),0.7255 (± 0.0441),0.9669 (± 0.0052),0.6595 (± 0.0560),1.2586 (± 0.2211)
balanced_artificial_dataset,smotified_gan,False,False,0.6619 (± 0.0507),0.9730 (± 0.0041),0.7868 (± 0.0274),0.9857 (± 0.0062),0.9408 (± 0.0166),0.7868 (± 0.0274),0.6777 (± 0.0477),0.1768 (± 0.0342),3.1059 (± 1.0331),0.9922 (± 0.0033),0.8051 (± 0.0653),0.9606 (± 0.0050),0.5878 (± 0.0545),1.0877 (± 0.0419)
balanced_artificial_dataset,wgangp,False,False,0.6619 (± 0.0240),0.9738 (± 0.0017),0.7625 (± 0.0210),0.9926 (± 0.0048),0.9485 (± 0.0261),0.7625 (± 0.0210),0.6615 (± 0.0275),0.1550 (± 0.0229),0.7881 (± 0.0753),0.9937 (± 0.0039),0.8813 (± 0.0560),0.9558 (± 0.0040),0.5324 (± 0.0454),1.2011 (± 0.1734)
balanced_artificial_dataset,gan-paper,True,True,0.6614 (± 0.0379),0.9712 (± 0.0040),0.8102 (± 0.0188),0.9772 (± 0.0091),0.9436 (± 0.0104),0.8102 (± 0.0188),0.6865 (± 0.0312),0.1840 (± 0.0339),1.2839 (± 0.2253),0.9932 (± 0.0019),0.7419 (± 0.0762),0.9654 (± 0.0037),0.6432 (± 0.0412),1.3514 (± 0.2461)
balanced_artificial_dataset,ctgan,False,False,0.6593 (± 0.0195),0.9728 (± 0.0014),0.7859 (± 0.0217),0.9854 (± 0.0050),0.9376 (± 0.0216),0.7859 (± 0.0217),0.6753 (± 0.0228),0.1879 (± 0.0334),2.4959 (± 0.0879),0.9923 (± 0.0033),0.8017 (± 0.0427),0.9605 (± 0.0042),0.5865 (± 0.0474),1.2887 (± 0.2486)
balanced_artificial_dataset,smote,True,False,0.6585 (± 0.0362),0.9698 (± 0.0037),0.8247 (± 0.0188),0.9711 (± 0.0071),0.9509 (± 0.0095),0.8247 (± 0.0188),0.6879 (± 0.0324),0.1705 (± 0.0253),0.0016 (± 0.0001),0.9945 (± 0.0013),0.7001 (± 0.0517),0.9685 (± 0.0036),0.6784 (± 0.0387),1.2723 (± 0.1770)
balanced_artificial_dataset,ctgan,False,True,0.6583 (± 0.0298),0.9728 (± 0.0023),0.7823 (± 0.0240),0.9862 (± 0.0060),0.9425 (± 0.0206),0.7823 (± 0.0240),0.6723 (± 0.0289),0.1802 (± 0.0180),2.4959 (± 0.0879),0.9929 (± 0.0033),0.8106 (± 0.0636),0.9598 (± 0.0046),0.5784 (± 0.0518),1.1150 (± 0.1505)
balanced_artificial_dataset,gan-paper,True,False,0.6556 (± 0.0461),0.9715 (± 0.0046),0.7969 (± 0.0136),0.9804 (± 0.0094),0.9451 (± 0.0114),0.7969 (± 0.0136),0.6778 (± 0.0363),0.1913 (± 0.0571),1.2839 (± 0.2253),0.9938 (± 0.0016),0.7633 (± 0.0919),0.9628 (± 0.0025),0.6135 (± 0.0280),1.3153 (± 0.1717)
balanced_artificial_dataset,ctgan,True,True,0.6547 (± 0.0269),0.9722 (± 0.0014),0.7866 (± 0.0345),0.9841 (± 0.0071),0.9404 (± 0.0207),0.7866 (± 0.0345),0.6711 (± 0.0318),0.1666 (± 0.0464),2.5255 (± 0.1408),0.9930 (± 0.0031),0.7912 (± 0.0501),0.9607 (± 0.0068),0.5892 (± 0.0756),1.1217 (± 0.1562)
balanced_artificial_dataset,gan-paper,False,False,0.6524 (± 0.0202),0.9719 (± 0.0015),0.7876 (± 0.0239),0.9833 (± 0.0058),0.9465 (± 0.0172),0.7876 (± 0.0239),0.6710 (± 0.0232),0.1736 (± 0.0298),1.2702 (± 0.1726),0.9939 (± 0.0025),0.7815 (± 0.0482),0.9609 (± 0.0047),0.5919 (± 0.0527),1.2943 (± 0.2082)
balanced_artificial_dataset,gan-paper_2,True,False,0.6503 (± 0.0296),0.9712 (± 0.0033),0.7930 (± 0.0208),0.9806 (± 0.0087),0.9403 (± 0.0242),0.7930 (± 0.0208),0.6717 (± 0.0259),0.1734 (± 0.0189),1.6219 (± 0.2126),0.9927 (± 0.0038),0.7625 (± 0.0715),0.9620 (± 0.0042),0.6054 (± 0.0472),1.2954 (± 0.1363)
balanced_artificial_dataset,gan-paper_2,False,False,0.6461 (± 0.0206),0.9713 (± 0.0009),0.7894 (± 0.0236),0.9814 (± 0.0041),0.9307 (± 0.0299),0.7894 (± 0.0236),0.6678 (± 0.0240),0.1684 (± 0.0310),1.7284 (± 0.3351),0.9912 (± 0.0049),0.7615 (± 0.0245),0.9613 (± 0.0046),0.5973 (± 0.0509),1.2733 (± 0.1833)
balanced_artificial_dataset,wgangp,False,True,0.6337 (± 0.0316),0.9721 (± 0.0023),0.7448 (± 0.0208),0.9923 (± 0.0053),0.9431 (± 0.0288),0.7448 (± 0.0208),0.6306 (± 0.0332),0.1626 (± 0.0325),0.7881 (± 0.0753),0.9926 (± 0.0050),0.8706 (± 0.0651),0.9527 (± 0.0038),0.4973 (± 0.0442),1.1398 (± 0.1747)
balanced_artificial_dataset,ctgan,True,False,0.6336 (± 0.0251),0.9698 (± 0.0014),0.7903 (± 0.0274),0.9780 (± 0.0054),0.9362 (± 0.0193),0.7903 (± 0.0274),0.6587 (± 0.0275),0.1957 (± 0.0512),2.5255 (± 0.1408),0.9925 (± 0.0028),0.7315 (± 0.0313),0.9617 (± 0.0054),0.6027 (± 0.0594),1.3335 (± 0.1822)
banknote,smote,True,True,0.9327 (± 0.0411),0.9364 (± 0.0387),0.9542 (± 0.0318),0.9111 (± 0.0633),0.9930 (± 0.0076),0.9542 (± 0.0318),0.9952 (± 0.0028),0.0535 (± 0.0167),0.0012 (± 0.0001),0.9616 (± 0.0348),0.9931 (± 0.0049),0.9652 (± 0.0320),0.9974 (± 0.0024),0.4859 (± 0.1025)
banknote,smote,True,False,0.9270 (± 0.0468),0.9314 (± 0.0437),0.9538 (± 0.0320),0.9111 (± 0.0633),0.9938 (± 0.0057),0.9538 (± 0.0320),0.9948 (± 0.0033),0.0587 (± 0.0196),0.0012 (± 0.0001),0.9640 (± 0.0302),0.9931 (± 0.0049),0.9548 (± 0.0469),0.9965 (± 0.0037),0.4851 (± 0.0983)
banknote,smote,False,False,0.9261 (± 0.0640),0.9304 (± 0.0598),0.9487 (± 0.0377),0.9000 (± 0.0724),0.9928 (± 0.0066),0.9487 (± 0.0377),0.9948 (± 0.0045),0.0544 (± 0.0375),0.0012 (± 0.0000),0.9611 (± 0.0316),0.9922 (± 0.0057),0.9640 (± 0.0530),0.9974 (± 0.0039),0.4973 (± 0.0922)
banknote,smote,False,True,0.9261 (± 0.0640),0.9304 (± 0.0598),0.9487 (± 0.0377),0.9000 (± 0.0724),0.9928 (± 0.0064),0.9487 (± 0.0377),0.9948 (± 0.0045),0.0544 (± 0.0375),0.0012 (± 0.0000),0.9604 (± 0.0315),0.9922 (± 0.0057),0.9640 (± 0.0530),0.9974 (± 0.0039),0.4945 (± 0.1061)
banknote,gan-paper_2,True,True,0.9207 (± 0.0436),0.9233 (± 0.0439),0.9632 (± 0.0429),0.9333 (± 0.0913),0.9900 (± 0.0138),0.9632 (± 0.0429),0.9939 (± 0.0036),0.0655 (± 0.0244),0.8730 (± 0.1801),0.9633 (± 0.0352),0.9948 (± 0.0070),0.9254 (± 0.0902),0.9930 (± 0.0091),0.4789 (± 0.0820)
banknote,wgangp,True,True,0.9202 (± 0.0469),0.9232 (± 0.0457),0.9380 (± 0.0361),0.8778 (± 0.0724),0.9941 (± 0.0077),0.9380 (± 0.0361),0.9943 (± 0.0033),0.0721 (± 0.0358),0.7829 (± 0.0970),0.9681 (± 0.0314),0.9905 (± 0.0056),0.9778 (± 0.0497),0.9983 (± 0.0039),0.5022 (± 0.1285)
banknote,ctgan,True,True,0.9195 (± 0.0599),0.9245 (± 0.0560),0.9734 (± 0.0371),0.9556 (± 0.0724),0.9980 (± 0.0024),0.9734 (± 0.0371),0.9939 (± 0.0045),0.0539 (± 0.0282),1.9785 (± 0.0499),0.9824 (± 0.0200),0.9965 (± 0.0057),0.8973 (± 0.0569),0.9913 (± 0.0053),0.5374 (± 0.1305)
banknote,gan-paper_2,False,False,0.9179 (± 0.0745),0.9179 (± 0.0769),0.9278 (± 0.0639),0.8556 (± 0.1279),0.9921 (± 0.0114),0.9278 (± 0.0639),0.9944 (± 0.0050),0.0503 (± 0.0325),0.6797 (± 0.0776),0.9712 (± 0.0298),0.9889 (± 0.0098),1.0000 (± 0.0000),1.0000 (± 0.0000),0.5439 (± 0.1127)
banknote,gan-paper,True,False,0.9168 (± 0.0412),0.9225 (± 0.0383),0.9632 (± 0.0307),0.9333 (± 0.0609),0.9957 (± 0.0062),0.9632 (± 0.0307),0.9939 (± 0.0028),0.0662 (± 0.0147),1.2894 (± 0.2301),0.9740 (± 0.0238),0.9948 (± 0.0048),0.9132 (± 0.0292),0.9930 (± 0.0024),0.5969 (± 0.0716)
banknote,gan-tutorial,True,True,0.9153 (± 0.0281),0.9205 (± 0.0266),0.9529 (± 0.0309),0.9111 (± 0.0633),0.9936 (± 0.0085),0.9529 (± 0.0309),0.9939 (± 0.0018),0.0587 (± 0.0215),2.2196 (± 0.1500),0.9708 (± 0.0280),0.9931 (± 0.0049),0.9329 (± 0.0185),0.9948 (± 0.0020),0.4895 (± 0.0666)
banknote,gan-tutorial,True,False,0.9109 (± 0.0311),0.9152 (± 0.0313),0.9525 (± 0.0403),0.9111 (± 0.0843),0.9961 (± 0.0042),0.9525 (± 0.0403),0.9935 (± 0.0022),0.0696 (± 0.0234),2.2196 (± 0.1500),0.9731 (± 0.0154),0.9931 (± 0.0065),0.9271 (± 0.0559),0.9939 (± 0.0050),0.5049 (± 0.0726)
banknote,gan-paper,True,True,0.9099 (± 0.0561),0.9157 (± 0.0528),0.9576 (± 0.0424),0.9222 (± 0.0843),0.9961 (± 0.0056),0.9576 (± 0.0424),0.9935 (± 0.0038),0.0704 (± 0.0286),1.2894 (± 0.2301),0.9762 (± 0.0244),0.9939 (± 0.0066),0.9117 (± 0.0313),0.9930 (± 0.0024),0.5195 (± 0.1068)
banknote,gan-paper,False,True,0.9056 (± 0.0299),0.9108 (± 0.0282),0.9572 (± 0.0405),0.9222 (± 0.0843),0.9931 (± 0.0076),0.9572 (± 0.0405),0.9930 (± 0.0018),0.0650 (± 0.0168),1.3307 (± 0.2620),0.9569 (± 0.0374),0.9939 (± 0.0066),0.9054 (± 0.0337),0.9921 (± 0.0037),0.5414 (± 0.1169)
banknote,gan-tutorial,False,True,0.9053 (± 0.0552),0.9104 (± 0.0519),0.9469 (± 0.0357),0.9000 (± 0.0724),0.9901 (± 0.0156),0.9469 (± 0.0357),0.9930 (± 0.0042),0.0689 (± 0.0423),2.1972 (± 0.1549),0.9360 (± 0.0746),0.9922 (± 0.0056),0.9272 (± 0.0807),0.9939 (± 0.0073),0.5192 (± 0.0956)
banknote,smotified_gan,True,True,0.9011 (± 0.0555),0.9047 (± 0.0563),0.9302 (± 0.0483),0.8636 (± 0.0974),0.9945 (± 0.0053),0.9302 (± 0.0483),0.9931 (± 0.0036),0.0631 (± 0.0246),1.7757 (± 0.7859),0.9662 (± 0.0310),0.9894 (± 0.0075),0.9573 (± 0.0367),0.9968 (± 0.0028),0.3892 (± 0.0304)
banknote,gan-paper,False,False,0.9010 (± 0.0290),0.9062 (± 0.0275),0.9567 (± 0.0400),0.9222 (± 0.0843),0.9941 (± 0.0063),0.9567 (± 0.0400),0.9926 (± 0.0019),0.0706 (± 0.0164),1.3307 (± 0.2620),0.9594 (± 0.0336),0.9939 (± 0.0066),0.8976 (± 0.0487),0.9913 (± 0.0053),0.5939 (± 0.0799)
banknote,gan-paper_2,False,True,0.8988 (± 0.0546),0.9008 (± 0.0551),0.9262 (± 0.0530),0.8556 (± 0.1086),0.9870 (± 0.0129),0.9262 (± 0.0530),0.9928 (± 0.0037),0.0626 (± 0.0204),0.7739 (± 0.1835),0.9532 (± 0.0340),0.9888 (± 0.0083),0.9640 (± 0.0618),0.9969 (± 0.0055),0.4333 (± 0.0911)
banknote,gan-paper_2,True,False,0.8968 (± 0.0362),0.9005 (± 0.0351),0.9610 (± 0.0315),0.9333 (± 0.0724),0.9904 (± 0.0096),0.9610 (± 0.0315),0.9917 (± 0.0037),0.0794 (± 0.0378),0.8730 (± 0.1801),0.9506 (± 0.0289),0.9948 (± 0.0056),0.8833 (± 0.1131),0.9886 (± 0.0114),0.6180 (± 0.1087)
banknote,smotified_gan,False,True,0.8900 (± 0.0633),0.8927 (± 0.0616),0.9130 (± 0.0483),0.8278 (± 0.0960),0.9890 (± 0.0118),0.9130 (± 0.0483),0.9924 (± 0.0042),0.0592 (± 0.0287),1.6198 (± 0.1978),0.9525 (± 0.0464),0.9867 (± 0.0074),0.9747 (± 0.0455),0.9983 (± 0.0031),0.3946 (± 0.0698)
banknote,wgangp,True,False,0.8877 (± 0.0593),0.8899 (± 0.0623),0.9154 (± 0.0548),0.8333 (± 0.1111),0.9926 (± 0.0067),0.9154 (± 0.0548),0.9922 (± 0.0039),0.0637 (± 0.0295),0.7829 (± 0.0970),0.9650 (± 0.0269),0.9871 (± 0.0085),0.9660 (± 0.0501),0.9974 (± 0.0039),0.5830 (± 0.0814)
banknote,ctgan,True,False,0.8845 (± 0.0501),0.8887 (± 0.0483),0.9750 (± 0.0353),0.9667 (± 0.0745),0.9953 (± 0.0065),0.9750 (± 0.0353),0.9903 (± 0.0043),0.0908 (± 0.0456),1.9785 (± 0.0499),0.9617 (± 0.0353),0.9974 (± 0.0058),0.8290 (± 0.0828),0.9834 (± 0.0095),0.6486 (± 0.0936)
banknote,smotified_gan,False,False,0.8806 (± 0.0565),0.8860 (± 0.0539),0.9149 (± 0.0379),0.8333 (± 0.0745),0.9904 (± 0.0099),0.9149 (± 0.0379),0.9917 (± 0.0039),0.0751 (± 0.0440),1.5259 (± 0.3635),0.9507 (± 0.0424),0.9870 (± 0.0058),0.9487 (± 0.0462),0.9964 (± 0.0033),0.7681 (± 0.8788)
banknote,gan-tutorial,False,False,0.8803 (± 0.0617),0.8885 (± 0.0568),0.9350 (± 0.0254),0.8778 (± 0.0465),0.9920 (± 0.0082),0.9350 (± 0.0254),0.9913 (± 0.0046),0.0822 (± 0.0205),2.1972 (± 0.1549),0.9241 (± 0.0583),0.9904 (± 0.0037),0.9010 (± 0.0785),0.9921 (± 0.0065),0.5162 (± 0.0620)
banknote,smotified_gan,True,False,0.8770 (± 0.0614),0.8836 (± 0.0580),0.9196 (± 0.0349),0.8444 (± 0.0683),0.9882 (± 0.0136),0.9196 (± 0.0349),0.9913 (± 0.0044),0.0702 (± 0.0409),1.8928 (± 0.7203),0.9422 (± 0.0468),0.9879 (± 0.0053),0.9302 (± 0.0693),0.9948 (± 0.0057),0.5106 (± 0.0324)
banknote,wgangp,False,True,0.8744 (± 0.0398),0.8789 (± 0.0399),0.9192 (± 0.0382),0.8444 (± 0.0824),0.9803 (± 0.0114),0.9192 (± 0.0382),0.9908 (± 0.0033),0.0922 (± 0.0362),0.7626 (± 0.0730),0.9060 (± 0.0728),0.9879 (± 0.0063),0.9295 (± 0.0931),0.9939 (± 0.0091),0.4960 (± 0.0833)
banknote,wgangp,False,False,0.8681 (± 0.0276),0.8725 (± 0.0282),0.9136 (± 0.0355),0.8333 (± 0.0786),0.9820 (± 0.0115),0.9136 (± 0.0355),0.9904 (± 0.0025),0.0936 (± 0.0393),0.7626 (± 0.0730),0.9099 (± 0.0654),0.9871 (± 0.0060),0.9295 (± 0.0931),0.9939 (± 0.0091),0.5798 (± 0.1138)
banknote,ctgan,False,False,0.8659 (± 0.0692),0.8743 (± 0.0639),0.9486 (± 0.0267),0.9111 (± 0.0497),0.9933 (± 0.0056),0.9486 (± 0.0267),0.9895 (± 0.0057),0.0995 (± 0.0603),1.9599 (± 0.0742),0.9493 (± 0.0299),0.9930 (± 0.0039),0.8448 (± 0.1030),0.9860 (± 0.0095),0.6175 (± 0.0770)
banknote,ctgan,False,True,0.8633 (± 0.0507),0.8719 (± 0.0477),0.9285 (± 0.0312),0.8667 (± 0.0633),0.9875 (± 0.0122),0.9285 (± 0.0312),0.9900 (± 0.0040),0.0975 (± 0.0537),1.9599 (± 0.0742),0.9516 (± 0.0279),0.9896 (± 0.0049),0.8821 (± 0.0728),0.9904 (± 0.0072),0.4955 (± 0.0414)
heart_balanced,ctgan,True,False,0.7507 (± 0.1217),0.9807 (± 0.0086),0.8114 (± 0.0543),0.9962 (± 0.0085),0.9703 (± 0.0348),0.8114 (± 0.0543),0.7512 (± 0.1122),0.3286 (± 0.1802),2.0940 (± 0.0929),0.9969 (± 0.0037),0.9400 (± 0.1342),0.9657 (± 0.0093),0.6267 (± 0.1011),0.6981 (± 0.0933)
heart_balanced,gan-tutorial,True,True,0.7329 (± 0.1185),0.9795 (± 0.0084),0.7981 (± 0.0558),0.9962 (± 0.0085),0.9548 (± 0.0340),0.7981 (± 0.0558),0.7304 (± 0.1105),0.3430 (± 0.1779),2.1916 (± 0.1245),0.9949 (± 0.0039),0.9400 (± 0.1342),0.9633 (± 0.0096),0.6000 (± 0.1054),0.6583 (± 0.1362)
heart_balanced,smotified_gan,False,False,0.7235 (± 0.0826),0.9789 (± 0.0058),0.7824 (± 0.0436),0.9981 (± 0.0060),0.9457 (± 0.0401),0.7824 (± 0.0436),0.7125 (± 0.0806),0.3068 (± 0.1258),1.5704 (± 0.2553),0.9938 (± 0.0047),0.9700 (± 0.0949),0.9604 (± 0.0076),0.5667 (± 0.0846),0.5589 (± 0.0222)
heart_balanced,smote,True,True,0.7173 (± 0.0787),0.9782 (± 0.0059),0.7848 (± 0.0317),0.9962 (± 0.0085),0.9564 (± 0.0271),0.7848 (± 0.0317),0.7113 (± 0.0690),0.3381 (± 0.1201),0.0012 (± 0.0000),0.9954 (± 0.0030),0.9455 (± 0.1220),0.9609 (± 0.0054),0.5733 (± 0.0596),0.5875 (± 0.1075)
heart_balanced,gan-paper,False,True,0.7158 (± 0.1033),0.9782 (± 0.0073),0.7848 (± 0.0414),0.9962 (± 0.0085),0.9591 (± 0.0259),0.7848 (± 0.0414),0.7111 (± 0.0922),0.3606 (± 0.1635),1.2952 (± 0.1830),0.9954 (± 0.0031),0.9400 (± 0.1342),0.9609 (± 0.0070),0.5733 (± 0.0760),0.6365 (± 0.1026)
heart_balanced,ctgan,True,True,0.7158 (± 0.1033),0.9782 (± 0.0073),0.7848 (± 0.0414),0.9962 (± 0.0085),0.9607 (± 0.0432),0.7848 (± 0.0414),0.7111 (± 0.0922),0.3581 (± 0.1637),2.0940 (± 0.0929),0.9954 (± 0.0053),0.9400 (± 0.1342),0.9609 (± 0.0070),0.5733 (± 0.0760),0.6370 (± 0.0889)
heart_balanced,gan-tutorial,False,True,0.7149 (± 0.1128),0.9783 (± 0.0079),0.7848 (± 0.0532),0.9962 (± 0.0085),0.9546 (± 0.0283),0.7848 (± 0.0532),0.7093 (± 0.1069),0.3546 (± 0.1657),2.2484 (± 0.1426),0.9949 (± 0.0032),0.9400 (± 0.1342),0.9610 (± 0.0091),0.5733 (± 0.1011),0.6579 (± 0.1467)
heart_balanced,gan-paper_2,True,False,0.7131 (± 0.1339),0.9783 (± 0.0090),0.7848 (± 0.0595),0.9962 (± 0.0085),0.9414 (± 0.0705),0.7848 (± 0.0595),0.7091 (± 0.1246),0.3349 (± 0.1797),1.0368 (± 0.3466),0.9928 (± 0.0094),0.9333 (± 0.1491),0.9610 (± 0.0101),0.5733 (± 0.1116),0.6631 (± 0.0917)
heart_balanced,gan-paper_2,True,True,0.7127 (± 0.1370),0.9783 (± 0.0093),0.7848 (± 0.0640),0.9962 (± 0.0085),0.9468 (± 0.0557),0.7848 (± 0.0640),0.7084 (± 0.1285),0.3449 (± 0.1875),1.0368 (± 0.3466),0.9936 (± 0.0075),0.9333 (± 0.1491),0.9610 (± 0.0110),0.5733 (± 0.1211),0.6010 (± 0.0974)
heart_balanced,gan-paper,True,True,0.7071 (± 0.0956),0.9776 (± 0.0068),0.7781 (± 0.0336),0.9962 (± 0.0085),0.9565 (± 0.0282),0.7781 (± 0.0336),0.7011 (± 0.0823),0.3363 (± 0.1767),1.3056 (± 0.1934),0.9951 (± 0.0031),0.9400 (± 0.1342),0.9597 (± 0.0055),0.5600 (± 0.0596),0.6479 (± 0.0961)
heart_balanced,gan-paper_2,False,False,0.7044 (± 0.1278),0.9776 (± 0.0086),0.7781 (± 0.0543),0.9962 (± 0.0085),0.9389 (± 0.0625),0.7781 (± 0.0543),0.6991 (± 0.1173),0.3492 (± 0.1714),0.9020 (± 0.3550),0.9927 (± 0.0080),0.9333 (± 0.1491),0.9598 (± 0.0092),0.5600 (± 0.1011),0.6550 (± 0.1056)
heart_balanced,smotified_gan,False,True,0.6962 (± 0.1239),0.9774 (± 0.0079),0.7657 (± 0.0665),0.9981 (± 0.0060),0.9499 (± 0.0289),0.7657 (± 0.0665),0.6804 (± 0.1278),0.3139 (± 0.1453),1.5704 (± 0.2553),0.9945 (± 0.0032),0.9625 (± 0.1186),0.9576 (± 0.0114),0.5333 (± 0.1296),0.4819 (± 0.0229)
heart_balanced,wgangp,True,False,0.6913 (± 0.1602),0.9771 (± 0.0104),0.7714 (± 0.0758),0.9962 (± 0.0085),0.9463 (± 0.0405),0.7714 (± 0.0758),0.6844 (± 0.1525),0.3638 (± 0.1982),0.7624 (± 0.0526),0.9939 (± 0.0048),0.9250 (± 0.1677),0.9587 (± 0.0130),0.5467 (± 0.1445),0.6707 (± 0.1160)
heart_balanced,gan-paper,False,False,0.6872 (± 0.1036),0.9764 (± 0.0072),0.7648 (± 0.0490),0.9962 (± 0.0085),0.9513 (± 0.0338),0.7648 (± 0.0490),0.6763 (± 0.1010),0.3679 (± 0.1612),1.2952 (± 0.1830),0.9944 (± 0.0042),0.9400 (± 0.1342),0.9575 (± 0.0083),0.5333 (± 0.0943),0.6826 (± 0.0803)
heart_balanced,smote,False,True,0.6868 (± 0.1080),0.9764 (± 0.0075),0.7648 (± 0.0544),0.9962 (± 0.0085),0.9559 (± 0.0314),0.7648 (± 0.0544),0.6754 (± 0.1068),0.3756 (± 0.1500),0.0018 (± 0.0014),0.9953 (± 0.0035),0.9400 (± 0.1342),0.9575 (± 0.0093),0.5333 (± 0.1054),0.5617 (± 0.0843)
heart_balanced,gan-paper_2,False,True,0.6865 (± 0.1162),0.9764 (± 0.0078),0.7648 (± 0.0447),0.9962 (± 0.0085),0.9310 (± 0.0538),0.7648 (± 0.0447),0.6783 (± 0.1033),0.3416 (± 0.1766),0.9020 (± 0.3550),0.9916 (± 0.0066),0.9333 (± 0.1491),0.9574 (± 0.0075),0.5333 (± 0.0816),0.5869 (± 0.1527)
heart_balanced,smote,False,False,0.6856 (± 0.1244),0.9764 (± 0.0084),0.7648 (± 0.0558),0.9962 (± 0.0085),0.9622 (± 0.0258),0.7648 (± 0.0558),0.6764 (± 0.1160),0.3708 (± 0.1538),0.0018 (± 0.0014),0.9961 (± 0.0028),0.9333 (± 0.1491),0.9574 (± 0.0095),0.5333 (± 0.1054),0.5916 (± 0.0988)
heart_balanced,smotified_gan,True,True,0.6809 (± 0.1289),0.9765 (± 0.0081),0.7557 (± 0.0700),0.9981 (± 0.0060),0.9435 (± 0.0354),0.7557 (± 0.0700),0.6616 (± 0.1381),0.3402 (± 0.1438),1.6308 (± 0.2698),0.9936 (± 0.0041),0.9625 (± 0.1186),0.9559 (± 0.0120),0.5133 (± 0.1372),0.4854 (± 0.0168)
heart_balanced,gan-paper,True,False,0.6797 (± 0.0782),0.9758 (± 0.0056),0.7581 (± 0.0192),0.9962 (± 0.0085),0.9559 (± 0.0313),0.7581 (± 0.0192),0.6685 (± 0.0607),0.3635 (± 0.1621),1.3056 (± 0.1934),0.9951 (± 0.0035),0.9400 (± 0.1342),0.9562 (± 0.0030),0.5200 (± 0.0298),0.6700 (± 0.0928)
heart_balanced,smotified_gan,True,False,0.6781 (± 0.1095),0.9762 (± 0.0069),0.7524 (± 0.0602),0.9981 (± 0.0060),0.9467 (± 0.0347),0.7524 (± 0.0602),0.6576 (± 0.1199),0.3369 (± 0.1234),1.6308 (± 0.2698),0.9940 (± 0.0041),0.9667 (± 0.1054),0.9553 (± 0.0103),0.5067 (± 0.1184),0.5666 (± 0.0357)
heart_balanced,wgangp,False,True,0.6742 (± 0.1433),0.9758 (± 0.0091),0.7581 (± 0.0588),0.9962 (± 0.0085),0.9447 (± 0.0439),0.7581 (± 0.0588),0.6652 (± 0.1317),0.3660 (± 0.1947),0.7670 (± 0.0555),0.9939 (± 0.0050),0.9250 (± 0.1677),0.9563 (± 0.0099),0.5200 (± 0.1095),0.5872 (± 0.0857)
heart_balanced,smote,True,False,0.6742 (± 0.1433),0.9758 (± 0.0091),0.7581 (± 0.0588),0.9962 (± 0.0085),0.9658 (± 0.0209),0.7581 (± 0.0588),0.6652 (± 0.1317),0.3433 (± 0.1446),0.0012 (± 0.0000),0.9965 (± 0.0022),0.9250 (± 0.1677),0.9563 (± 0.0099),0.5200 (± 0.1095),0.5804 (± 0.0878)
heart_balanced,gan-tutorial,True,False,0.6689 (± 0.0896),0.9752 (± 0.0062),0.7514 (± 0.0395),0.9962 (± 0.0085),0.9552 (± 0.0354),0.7514 (± 0.0395),0.6545 (± 0.0842),0.3602 (± 0.1624),2.1916 (± 0.1245),0.9950 (± 0.0041),0.9400 (± 0.1342),0.9551 (± 0.0067),0.5067 (± 0.0760),0.6151 (± 0.1250)
heart_balanced,ctgan,False,True,0.6604 (± 0.1692),0.9753 (± 0.0109),0.7514 (± 0.0894),0.9962 (± 0.0085),0.9533 (± 0.0212),0.7514 (± 0.0894),0.6453 (± 0.1727),0.3982 (± 0.1923),2.0917 (± 0.0747),0.9948 (± 0.0024),0.9250 (± 0.1677),0.9552 (± 0.0154),0.5067 (± 0.1738),0.6338 (± 0.1013)
heart_balanced,ctgan,False,False,0.6552 (± 0.1304),0.9746 (± 0.0086),0.7448 (± 0.0668),0.9962 (± 0.0085),0.9570 (± 0.0289),0.7448 (± 0.0668),0.6383 (± 0.1332),0.4070 (± 0.1778),2.0917 (± 0.0747),0.9954 (± 0.0032),0.9333 (± 0.1491),0.9540 (± 0.0114),0.4933 (± 0.1300),0.6938 (± 0.1005)
heart_balanced,gan-tutorial,False,False,0.6479 (± 0.1070),0.9740 (± 0.0072),0.7381 (± 0.0458),0.9962 (± 0.0085),0.9532 (± 0.0266),0.7381 (± 0.0458),0.6307 (± 0.0988),0.3736 (± 0.1838),2.2484 (± 0.1426),0.9948 (± 0.0030),0.9333 (± 0.1491),0.9528 (± 0.0077),0.4800 (± 0.0869),0.6046 (± 0.1251)
heart_balanced,wgangp,True,True,0.6458 (± 0.1315),0.9740 (± 0.0084),0.7381 (± 0.0530),0.9962 (± 0.0085),0.9558 (± 0.0292),0.7381 (± 0.0530),0.6306 (± 0.1193),0.3875 (± 0.1879),0.7624 (± 0.0526),0.9951 (± 0.0032),0.9250 (± 0.1677),0.9528 (± 0.0089),0.4800 (± 0.0989),0.5760 (± 0.0830)
heart_balanced,wgangp,False,False,0.6420 (± 0.1645),0.9740 (± 0.0099),0.7381 (± 0.0681),0.9962 (± 0.0085),0.9457 (± 0.0349),0.7381 (± 0.0681),0.6283 (± 0.1533),0.3712 (± 0.1850),0.7670 (± 0.0555),0.9939 (± 0.0038),0.9143 (± 0.1917),0.9528 (± 0.0114),0.4800 (± 0.1282),0.6555 (± 0.0812)
mdlon,gan-paper_2,True,True,0.0349 (± 0.0780),0.9527 (± 0.0007),0.5033 (± 0.0075),1.0000 (± 0.0000),0.6207 (± 0.0826),0.5033 (± 0.0075),0.0129 (± 0.0289),1.5754 (± 0.2123),1.3244 (± 0.3740),0.9352 (± 0.0183),0.2000 (± 0.4472),0.9096 (± 0.0012),0.0067 (± 0.0149),5.2891 (± 1.1989)
mdlon,gan-tutorial,False,False,0.0250 (± 0.0844),0.9513 (± 0.0022),0.5020 (± 0.0084),0.9973 (± 0.0037),0.5691 (± 0.0730),0.5020 (± 0.0084),0.0129 (± 0.0289),1.8255 (± 0.3081),2.1200 (± 0.1029),0.9292 (± 0.0175),0.2000 (± 0.4472),0.9094 (± 0.0014),0.0067 (± 0.0149),12.7763 (± 1.1374)
mdlon,gan-tutorial,True,False,0.0250 (± 0.0844),0.9513 (± 0.0022),0.5020 (± 0.0084),0.9973 (± 0.0037),0.5930 (± 0.0639),0.5020 (± 0.0084),0.0129 (± 0.0289),1.8256 (± 0.3080),2.0805 (± 0.0798),0.9293 (± 0.0148),0.2000 (± 0.4472),0.9094 (± 0.0014),0.0067 (± 0.0149),12.8050 (± 1.8187)
mdlon,gan-tutorial,True,True,0.0250 (± 0.0844),0.9513 (± 0.0022),0.5020 (± 0.0084),0.9973 (± 0.0037),0.6023 (± 0.0993),0.5020 (± 0.0084),0.0129 (± 0.0289),1.8256 (± 0.3080),2.0805 (± 0.0798),0.9311 (± 0.0233),0.2000 (± 0.4472),0.9094 (± 0.0014),0.0067 (± 0.0149),13.1108 (± 1.9593)
mdlon,smotified_gan,True,False,0.0174 (± 0.0551),0.9525 (± 0.0005),0.5017 (± 0.0053),1.0000 (± 0.0000),0.6058 (± 0.0648),0.5017 (± 0.0053),0.0065 (± 0.0204),1.5478 (± 0.1327),3.7183 (± 0.3368),0.9334 (± 0.0147),0.1000 (± 0.3162),0.9094 (± 0.0009),0.0033 (± 0.0105),10.1850 (± 0.6811)
mdlon,smotified_gan,True,True,0.0174 (± 0.0551),0.9525 (± 0.0005),0.5017 (± 0.0053),1.0000 (± 0.0000),0.6126 (± 0.0799),0.5017 (± 0.0053),0.0065 (± 0.0204),1.5564 (± 0.1450),3.7183 (± 0.3368),0.9358 (± 0.0175),0.1000 (± 0.3162),0.9094 (± 0.0009),0.0033 (± 0.0105),10.5669 (± 1.1342)
mdlon,ctgan,False,True,0.0000 (± 0.0000),0.9524 (± 0.0000),0.5000 (± 0.0000),1.0000 (± 0.0000),0.6399 (± 0.0729),0.5000 (± 0.0000),0.0000 (± 0.0000),1.4837 (± 0.0483),16.6048 (± 1.7621),0.9409 (± 0.0154),0.0000 (± 0.0000),0.9091 (± 0.0000),0.0000 (± 0.0000),5.9261 (± 1.1447)
mdlon,gan-tutorial,False,True,0.0000 (± 0.0000),0.9524 (± 0.0000),0.5000 (± 0.0000),1.0000 (± 0.0000),0.5981 (± 0.0961),0.5000 (± 0.0000),0.0000 (± 0.0000),1.4837 (± 0.0483),2.1200 (± 0.1029),0.9383 (± 0.0206),0.0000 (± 0.0000),0.9091 (± 0.0000),0.0000 (± 0.0000),9.7211 (± 1.0933)
mdlon,gan-paper,False,False,0.0000 (± 0.0000),0.9524 (± 0.0000),0.5000 (± 0.0000),1.0000 (± 0.0000),0.6199 (± 0.0761),0.5000 (± 0.0000),0.0000 (± 0.0000),1.4837 (± 0.0483),1.2519 (± 0.0229),0.9408 (± 0.0214),0.0000 (± 0.0000),0.9091 (± 0.0000),0.0000 (± 0.0000),10.1694 (± 0.4844)
mdlon,gan-paper_2,False,False,0.0000 (± 0.0000),0.9524 (± 0.0000),0.5000 (± 0.0000),1.0000 (± 0.0000),0.6136 (± 0.0733),0.5000 (± 0.0000),0.0000 (± 0.0000),1.4837 (± 0.0483),1.1986 (± 0.0372),0.9385 (± 0.0137),0.0000 (± 0.0000),0.9091 (± 0.0000),0.0000 (± 0.0000),9.2873 (± 0.6136)
mdlon,gan-paper_2,False,True,0.0000 (± 0.0000),0.9524 (± 0.0000),0.5000 (± 0.0000),1.0000 (± 0.0000),0.6241 (± 0.0784),0.5000 (± 0.0000),0.0000 (± 0.0000),1.4837 (± 0.0483),1.1986 (± 0.0372),0.9407 (± 0.0184),0.0000 (± 0.0000),0.9091 (± 0.0000),0.0000 (± 0.0000),6.0809 (± 1.3725)
mdlon,gan-paper,False,True,0.0000 (± 0.0000),0.9524 (± 0.0000),0.5000 (± 0.0000),1.0000 (± 0.0000),0.6312 (± 0.0652),0.5000 (± 0.0000),0.0000 (± 0.0000),1.4837 (± 0.0483),1.2519 (± 0.0229),0.9431 (± 0.0112),0.0000 (± 0.0000),0.9091 (± 0.0000),0.0000 (± 0.0000),9.1680 (± 0.4197)
mdlon,smotified_gan,False,False,0.0000 (± 0.0000),0.9524 (± 0.0000),0.5000 (± 0.0000),1.0000 (± 0.0000),0.6067 (± 0.0719),0.5000 (± 0.0000),0.0000 (± 0.0000),1.5083 (± 0.0472),3.4524 (± 0.4019),0.9329 (± 0.0158),0.0000 (± 0.0000),0.9091 (± 0.0000),0.0000 (± 0.0000),10.6318 (± 2.0566)
mdlon,smotified_gan,False,True,0.0000 (± 0.0000),0.9524 (± 0.0000),0.5000 (± 0.0000),1.0000 (± 0.0000),0.6153 (± 0.0671),0.5000 (± 0.0000),0.0000 (± 0.0000),1.5083 (± 0.0472),3.4524 (± 0.4019),0.9367 (± 0.0142),0.0000 (± 0.0000),0.9091 (± 0.0000),0.0000 (± 0.0000),10.6879 (± 1.8350)
mdlon,wgangp,False,False,0.0000 (± 0.0000),0.9524 (± 0.0000),0.5000 (± 0.0000),1.0000 (± 0.0000),0.6191 (± 0.0755),0.5000 (± 0.0000),0.0000 (± 0.0000),1.4837 (± 0.0483),0.8120 (± 0.0955),0.9355 (± 0.0207),0.0000 (± 0.0000),0.9091 (± 0.0000),0.0000 (± 0.0000),10.4250 (± 1.3998)
mdlon,wgangp,False,True,0.0000 (± 0.0000),0.9524 (± 0.0000),0.5000 (± 0.0000),1.0000 (± 0.0000),0.6040 (± 0.0871),0.5000 (± 0.0000),0.0000 (± 0.0000),1.4837 (± 0.0483),0.8120 (± 0.0955),0.9330 (± 0.0195),0.0000 (± 0.0000),0.9091 (± 0.0000),0.0000 (± 0.0000),10.7034 (± 1.0977)
mdlon,ctgan,True,True,0.0000 (± 0.0000),0.9524 (± 0.0000),0.5000 (± 0.0000),1.0000 (± 0.0000),0.6190 (± 0.0615),0.5000 (± 0.0000),0.0000 (± 0.0000),1.4838 (± 0.0483),16.9382 (± 2.3499),0.9360 (± 0.0119),0.0000 (± 0.0000),0.9091 (± 0.0000),0.0000 (± 0.0000),5.3202 (± 1.2940)
mdlon,gan-paper,True,False,0.0000 (± 0.0000),0.9524 (± 0.0000),0.5000 (± 0.0000),1.0000 (± 0.0000),0.6238 (± 0.0981),0.5000 (± 0.0000),0.0000 (± 0.0000),1.4838 (± 0.0483),1.2067 (± 0.0163),0.9353 (± 0.0269),0.0000 (± 0.0000),0.9091 (± 0.0000),0.0000 (± 0.0000),10.3725 (± 0.3332)
mdlon,gan-paper_2,True,False,0.0000 (± 0.0000),0.9524 (± 0.0000),0.5000 (± 0.0000),1.0000 (± 0.0000),0.6157 (± 0.1030),0.5000 (± 0.0000),0.0000 (± 0.0000),1.4838 (± 0.0483),1.3244 (± 0.3740),0.9372 (± 0.0250),0.0000 (± 0.0000),0.9091 (± 0.0000),0.0000 (± 0.0000),10.0870 (± 1.2585)
mdlon,gan-paper,True,True,0.0000 (± 0.0000),0.9524 (± 0.0000),0.5000 (± 0.0000),1.0000 (± 0.0000),0.6023 (± 0.0943),0.5000 (± 0.0000),0.0000 (± 0.0000),1.4838 (± 0.0483),1.2067 (± 0.0163),0.9366 (± 0.0229),0.0000 (± 0.0000),0.9091 (± 0.0000),0.0000 (± 0.0000),9.2775 (± 0.3010)
mdlon,wgangp,True,False,0.0000 (± 0.0000),0.9524 (± 0.0000),0.5000 (± 0.0000),1.0000 (± 0.0000),0.6191 (± 0.1189),0.5000 (± 0.0000),0.0000 (± 0.0000),1.4838 (± 0.0483),0.7343 (± 0.0540),0.9386 (± 0.0212),0.0000 (± 0.0000),0.9091 (± 0.0000),0.0000 (± 0.0000),10.6788 (± 1.6520)
mdlon,wgangp,True,True,0.0000 (± 0.0000),0.9524 (± 0.0000),0.5000 (± 0.0000),1.0000 (± 0.0000),0.6490 (± 0.1056),0.5000 (± 0.0000),0.0000 (± 0.0000),1.4838 (± 0.0483),0.7343 (± 0.0540),0.9450 (± 0.0199),0.0000 (± 0.0000),0.9091 (± 0.0000),0.0000 (± 0.0000),10.8195 (± 1.0697)
mdlon,ctgan,True,False,-0.0035 (± 0.0078),0.9520 (± 0.0007),0.4997 (± 0.0007),0.9993 (± 0.0015),0.5899 (± 0.0642),0.4997 (± 0.0007),0.0000 (± 0.0000),1.5815 (± 0.2512),16.9382 (± 2.3499),0.9356 (± 0.0149),0.0000 (± 0.0000),0.9090 (± 0.0001),0.0000 (± 0.0000),12.9528 (± 3.4049)
mdlon,ctgan,False,False,-0.0049 (± 0.0110),0.9517 (± 0.0015),0.4993 (± 0.0015),0.9987 (± 0.0030),0.5935 (± 0.0711),0.4993 (± 0.0015),0.0000 (± 0.0000),1.5995 (± 0.2617),16.6048 (± 1.7621),0.9329 (± 0.0193),0.0000 (± 0.0000),0.9090 (± 0.0002),0.0000 (± 0.0000),12.1848 (± 1.4079)
mdlon,smote,False,False,-0.0070 (± 0.0095),0.9517 (± 0.0009),0.4993 (± 0.0009),0.9987 (± 0.0018),0.6020 (± 0.1130),0.4993 (± 0.0009),0.0000 (± 0.0000),1.6967 (± 0.3198),1.2148 (± 0.0149),0.9363 (± 0.0211),0.0000 (± 0.0000),0.9090 (± 0.0002),0.0000 (± 0.0000),11.5966 (± 0.4510)
mdlon,smote,False,True,-0.0084 (± 0.0118),0.9514 (± 0.0015),0.4990 (± 0.0015),0.9980 (± 0.0030),0.5959 (± 0.0861),0.4990 (± 0.0015),0.0000 (± 0.0000),1.7038 (± 0.3268),1.2148 (± 0.0149),0.9336 (± 0.0165),0.0000 (± 0.0000),0.9089 (± 0.0002),0.0000 (± 0.0000),11.3644 (± 0.2627)
mdlon,smote,True,False,-0.0119 (± 0.0113),0.9510 (± 0.0014),0.4987 (± 0.0014),0.9973 (± 0.0028),0.5762 (± 0.0931),0.4987 (± 0.0014),0.0000 (± 0.0000),1.8096 (± 0.2891),1.2814 (± 0.0064),0.9333 (± 0.0161),0.0000 (± 0.0000),0.9089 (± 0.0002),0.0000 (± 0.0000),11.3238 (± 0.2256)
mdlon,smote,True,True,-0.0119 (± 0.0113),0.9510 (± 0.0014),0.4987 (± 0.0014),0.9973 (± 0.0028),0.5941 (± 0.0903),0.4987 (± 0.0014),0.0000 (± 0.0000),1.8074 (± 0.2873),1.2814 (± 0.0064),0.9346 (± 0.0203),0.0000 (± 0.0000),0.9089 (± 0.0002),0.0000 (± 0.0000),11.4904 (± 0.2639)
sonar,gan-paper,True,False,0.6275 (± 0.1361),0.9594 (± 0.0116),0.7200 (± 0.0837),1.0000 (± 0.0000),0.7806 (± 0.1056),0.7200 (± 0.0837),0.5952 (± 0.1715),1.0124 (± 0.1885),1.1468 (± 0.0490),0.9534 (± 0.0269),1.0000 (± 0.0000),0.9222 (± 0.0214),0.4400 (± 0.1673),0.4772 (± 0.0177)
sonar,ctgan,False,True,0.5571 (± 0.1990),0.9497 (± 0.0162),0.7448 (± 0.1112),0.9697 (± 0.0214),0.8206 (± 0.1228),0.7448 (± 0.1112),0.5859 (± 0.1942),1.2854 (± 0.3135),2.4696 (± 0.0403),0.9672 (± 0.0238),0.7167 (± 0.1826),0.9312 (± 0.0305),0.5200 (± 0.2280),0.4281 (± 0.0292)
sonar,gan-paper,False,False,0.5561 (± 0.3652),0.9566 (± 0.0264),0.7170 (± 0.1540),0.9939 (± 0.0136),0.8230 (± 0.1980),0.7170 (± 0.1540),0.5563 (± 0.3384),1.0743 (± 0.4215),1.2137 (± 0.2329),0.9665 (± 0.0375),0.8000 (± 0.4472),0.9223 (± 0.0391),0.4400 (± 0.2966),0.4946 (± 0.0175)
sonar,ctgan,False,False,0.5490 (± 0.1960),0.9498 (± 0.0160),0.7448 (± 0.1140),0.9697 (± 0.0000),0.7879 (± 0.1417),0.7448 (± 0.1140),0.5838 (± 0.1977),1.2824 (± 0.2915),2.4696 (± 0.0403),0.9571 (± 0.0336),0.6933 (± 0.1182),0.9310 (± 0.0306),0.5200 (± 0.2280),0.4938 (± 0.0388)
sonar,gan-paper,False,True,0.5097 (± 0.3259),0.9504 (± 0.0212),0.7109 (± 0.1324),0.9818 (± 0.0166),0.8291 (± 0.1750),0.7109 (± 0.1324),0.5310 (± 0.3035),1.2392 (± 0.2871),1.2137 (± 0.2329),0.9699 (± 0.0316),0.7000 (± 0.4108),0.9213 (± 0.0334),0.4400 (± 0.2608),0.4419 (± 0.0242)
sonar,gan-paper,True,True,0.4897 (± 0.2923),0.9506 (± 0.0157),0.6939 (± 0.1196),0.9879 (± 0.0166),0.7818 (± 0.1141),0.6939 (± 0.1196),0.4976 (± 0.2938),1.1492 (± 0.3369),1.1468 (± 0.0490),0.9555 (± 0.0274),0.6833 (± 0.4099),0.9167 (± 0.0301),0.4000 (± 0.2449),0.4302 (± 0.0220)
sonar,gan-paper_2,True,True,0.4771 (± 0.2912),0.9512 (± 0.0156),0.6600 (± 0.1140),1.0000 (± 0.0000),0.7527 (± 0.1907),0.6600 (± 0.1140),0.4452 (± 0.2896),1.1343 (± 0.3200),1.0166 (± 0.2236),0.9540 (± 0.0384),0.8000 (± 0.4472),0.9073 (± 0.0282),0.3200 (± 0.2280),0.3635 (± 0.0078)
sonar,gan-paper_2,False,False,0.4458 (± 0.3083),0.9411 (± 0.0232),0.6848 (± 0.1208),0.9697 (± 0.0371),0.7867 (± 0.1041),0.6848 (± 0.1208),0.4734 (± 0.2811),1.5346 (± 0.5430),1.0495 (± 0.1995),0.9574 (± 0.0242),0.6333 (± 0.4150),0.9152 (± 0.0308),0.4000 (± 0.2449),0.4981 (± 0.0327)
sonar,gan-paper_2,True,False,0.4381 (± 0.2647),0.9449 (± 0.0160),0.6539 (± 0.0870),0.9879 (± 0.0271),0.7406 (± 0.1952),0.6539 (± 0.0870),0.4317 (± 0.2475),1.1886 (± 0.2474),1.0166 (± 0.2236),0.9487 (± 0.0414),0.7000 (± 0.4472),0.9060 (± 0.0211),0.3200 (± 0.1789),0.4823 (± 0.0212)
sonar,smote,False,True,0.4356 (± 0.3345),0.9448 (± 0.0231),0.6709 (± 0.1346),0.9818 (± 0.0166),0.8024 (± 0.1064),0.6709 (± 0.1346),0.4548 (± 0.3087),1.3527 (± 0.4014),1.2942 (± 0.0381),0.9625 (± 0.0196),0.6500 (± 0.4183),0.9109 (± 0.0338),0.3600 (± 0.2608),0.4351 (± 0.0327)
sonar,smote,True,False,0.4356 (± 0.3345),0.9448 (± 0.0231),0.6709 (± 0.1346),0.9818 (± 0.0166),0.8133 (± 0.1405),0.6709 (± 0.1346),0.4548 (± 0.3087),1.3595 (± 0.4014),1.2227 (± 0.0097),0.9620 (± 0.0300),0.6500 (± 0.4183),0.9109 (± 0.0338),0.3600 (± 0.2608),0.4402 (± 0.0255)
sonar,wgangp,False,True,0.4301 (± 0.3449),0.9417 (± 0.0287),0.6679 (± 0.1399),0.9758 (± 0.0254),0.7697 (± 0.1553),0.6679 (± 0.1399),0.4548 (± 0.3087),1.4743 (± 0.4013),0.7037 (± 0.0163),0.9538 (± 0.0342),0.6500 (± 0.4183),0.9101 (± 0.0351),0.3600 (± 0.2608),0.4526 (± 0.0081)
sonar,smote,True,True,0.4045 (± 0.3190),0.9384 (± 0.0240),0.6648 (± 0.1288),0.9697 (± 0.0371),0.8121 (± 0.1069),0.6648 (± 0.1288),0.4305 (± 0.2922),1.4517 (± 0.4326),1.2227 (± 0.0097),0.9644 (± 0.0210),0.6000 (± 0.4183),0.9102 (± 0.0330),0.3600 (± 0.2608),0.4344 (± 0.0318)
sonar,smote,False,False,0.4028 (± 0.3186),0.9420 (± 0.0224),0.6509 (± 0.1201),0.9818 (± 0.0166),0.8145 (± 0.1207),0.6509 (± 0.1201),0.4214 (± 0.2884),1.4294 (± 0.4175),1.2942 (± 0.0381),0.9651 (± 0.0238),0.6333 (± 0.4150),0.9055 (± 0.0297),0.3200 (± 0.2280),0.4576 (± 0.0327)
sonar,ctgan,True,True,0.3799 (± 0.2927),0.9354 (± 0.0219),0.6618 (± 0.1130),0.9636 (± 0.0254),0.8121 (± 0.1135),0.6618 (± 0.1130),0.4278 (± 0.2705),1.5722 (± 0.3948),2.4711 (± 0.0224),0.9609 (± 0.0336),0.5333 (± 0.3613),0.9091 (± 0.0280),0.3600 (± 0.2191),0.3993 (± 0.0392)
sonar,ctgan,True,False,0.3778 (± 0.3088),0.9320 (± 0.0260),0.6758 (± 0.1469),0.9515 (± 0.0166),0.8097 (± 0.0997),0.6758 (± 0.1469),0.4378 (± 0.2858),1.6491 (± 0.4613),2.4711 (± 0.0224),0.9641 (± 0.0229),0.4933 (± 0.3031),0.9137 (± 0.0384),0.4000 (± 0.2828),0.4909 (± 0.0049)
sonar,gan-paper_2,False,True,0.3642 (± 0.3478),0.9455 (± 0.0179),0.6370 (± 0.1326),0.9939 (± 0.0136),0.8182 (± 0.1312),0.6370 (± 0.1326),0.3643 (± 0.3448),1.3027 (± 0.2669),1.0495 (± 0.1995),0.9608 (± 0.0288),0.5333 (± 0.5055),0.9021 (± 0.0328),0.2800 (± 0.2683),0.3632 (± 0.0262)
sonar,wgangp,True,True,0.3286 (± 0.2518),0.9368 (± 0.0162),0.5939 (± 0.0763),0.9879 (± 0.0166),0.8194 (± 0.1030),0.5939 (± 0.0763),0.3048 (± 0.2037),1.5379 (± 0.3677),0.7061 (± 0.0145),0.9640 (± 0.0197),0.7000 (± 0.4472),0.8908 (± 0.0184),0.2000 (± 0.1414),0.4642 (± 0.0217)
sonar,wgangp,False,False,0.3147 (± 0.2698),0.9227 (± 0.0215),0.6497 (± 0.1283),0.9394 (± 0.0303),0.7915 (± 0.1161),0.6497 (± 0.1283),0.3796 (± 0.2565),1.7807 (± 0.3326),0.7037 (± 0.0163),0.9577 (± 0.0295),0.4300 (± 0.2729),0.9076 (± 0.0337),0.3600 (± 0.2608),0.5023 (± 0.0189)
sonar,wgangp,True,False,0.3083 (± 0.3335),0.9368 (± 0.0241),0.5939 (± 0.1082),0.9879 (± 0.0271),0.8097 (± 0.0778),0.5939 (± 0.1082),0.2952 (± 0.2865),1.5145 (± 0.5007),0.7061 (± 0.0145),0.9649 (± 0.0161),0.6000 (± 0.5477),0.8910 (± 0.0261),0.2000 (± 0.2000),0.5005 (± 0.0152)
sonar,gan-tutorial,True,True,0.2629 (± 0.2115),0.8992 (± 0.0349),0.6285 (± 0.0947),0.8970 (± 0.0550),0.7733 (± 0.0986),0.6285 (± 0.0947),0.3567 (± 0.1824),2.3221 (± 0.5893),2.0753 (± 0.0443),0.9515 (± 0.0297),0.3710 (± 0.2173),0.9024 (± 0.0242),0.3600 (± 0.1673),0.5427 (± 0.0211)
sonar,smotified_gan,False,True,0.2561 (± 0.2130),0.9341 (± 0.0124),0.5739 (± 0.0620),0.9879 (± 0.0212),0.7812 (± 0.0888),0.5739 (± 0.0620),0.2393 (± 0.1865),1.8884 (± 0.4172),3.4924 (± 0.5572),0.9581 (± 0.0205),0.5333 (± 0.4431),0.8861 (± 0.0149),0.1600 (± 0.1265),0.4308 (± 0.0415)
sonar,smotified_gan,True,False,0.2498 (± 0.2130),0.9328 (± 0.0118),0.5639 (± 0.0516),0.9879 (± 0.0156),0.7776 (± 0.1394),0.5639 (± 0.0516),0.2238 (± 0.1556),1.9361 (± 0.5160),3.5608 (± 0.6442),0.9508 (± 0.0487),0.6000 (± 0.4595),0.8835 (± 0.0122),0.1400 (± 0.0966),0.4881 (± 0.0309)
sonar,smotified_gan,True,True,0.1864 (± 0.1996),0.9283 (± 0.0141),0.5509 (± 0.0519),0.9818 (± 0.0256),0.7818 (± 0.1146),0.5509 (± 0.0519),0.1821 (± 0.1589),2.0599 (± 0.4451),3.5608 (± 0.6442),0.9571 (± 0.0314),0.4333 (± 0.4389),0.8806 (± 0.0123),0.1200 (± 0.1033),0.4412 (± 0.0364)
sonar,gan-tutorial,True,False,0.1858 (± 0.1949),0.8898 (± 0.0220),0.6024 (± 0.1007),0.8848 (± 0.0498),0.7891 (± 0.0787),0.6024 (± 0.1007),0.2857 (± 0.1827),2.7400 (± 0.8855),2.0753 (± 0.0443),0.9598 (± 0.0208),0.2738 (± 0.1805),0.8971 (± 0.0284),0.3200 (± 0.2280),0.5395 (± 0.0252)
sonar,smotified_gan,False,False,0.1735 (± 0.2227),0.9315 (± 0.0111),0.5539 (± 0.0689),0.9879 (± 0.0156),0.7794 (± 0.0792),0.5539 (± 0.0689),0.1762 (± 0.2033),1.9650 (± 0.4041),3.4924 (± 0.5572),0.9537 (± 0.0241),0.3500 (± 0.4116),0.8814 (± 0.0166),0.1200 (± 0.1398),0.4753 (± 0.0162)
sonar,gan-tutorial,False,True,0.1251 (± 0.2564),0.9016 (± 0.0361),0.5606 (± 0.1260),0.9212 (± 0.0591),0.7309 (± 0.0745),0.5606 (± 0.1260),0.2064 (± 0.2463),2.6454 (± 1.1790),2.3836 (± 0.6653),0.9412 (± 0.0285),0.2200 (± 0.2534),0.8843 (± 0.0330),0.2000 (± 0.2449),0.4677 (± 0.0479)
sonar,gan-tutorial,False,False,0.0852 (± 0.2524),0.8854 (± 0.0318),0.5455 (± 0.1301),0.8909 (± 0.0407),0.6921 (± 0.1076),0.5455 (± 0.1301),0.1955 (± 0.2248),3.0643 (± 0.8803),2.3836 (± 0.6653),0.9369 (± 0.0279),0.2000 (± 0.2173),0.8808 (± 0.0349),0.2000 (± 0.2449),0.5193 (± 0.0716)
