Case,IQR Used,Filtered,Balancing Method,MCC,F1-score (Malignant),AUC (Binary),AUC (Probability),Precision (Benign),Precision (Malignant),Recall (Benign),Recall (Malignant),F1-score (Benign)
Breast_Cancer_Wisconsin-wgangp,False,False,breast_cancer_wisconsin-wgangp,0.9629 (± 0.0174),0.9759 (± 0.0116),0.9766 (± 0.0110),0.9925 (± 0.0011),0.9728 (± 0.0125),1.0000 (± 0.0000),1.0000 (± 0.0000),0.9531 (± 0.0221),0.9862 (± 0.0064)
iqr_Breast_Cancer_Wisconsin-ctgan,True,False,breast_cancer_wisconsin-ctgan,0.9568 (± 0.0087),0.9719 (± 0.0058),0.9727 (± 0.0055),0.9936 (± 0.0038),0.9683 (± 0.0062),1.0000 (± 0.0000),1.0000 (± 0.0000),0.9453 (± 0.0110),0.9839 (± 0.0032)
iqr_Breast_Cancer_Wisconsin-smote,True,False,breast_cancer_wisconsin-smote,0.9506 (± 0.0000),0.9677 (± 0.0000),0.9688 (± 0.0000),0.9939 (± 0.0000),0.9640 (± 0.0000),1.0000 (± 0.0000),1.0000 (± 0.0000),0.9375 (± 0.0000),0.9817 (± 0.0000)
Breast_Cancer_Wisconsin-smote,False,False,breast_cancer_wisconsin-smote,0.9385 (± 0.0000),0.9593 (± 0.0000),0.9609 (± 0.0000),0.9915 (± 0.0000),0.9554 (± 0.0000),1.0000 (± 0.0000),1.0000 (± 0.0000),0.9219 (± 0.0000),0.9772 (± 0.0000)
Breast_Cancer_Wisconsin-smotified_gan,False,False,breast_cancer_wisconsin-smotified_gan,N/A,N/A,N/A,N/A,N/A,N/A,N/A,N/A,N/A
iqr_Breast_Cancer_Wisconsin-smotified_gan_filtered,True,True,breast_cancer_wisconsin-smotified_gan,N/A,N/A,N/A,N/A,N/A,N/A,N/A,N/A,N/A
Breast_Cancer_Wisconsin-smotified_gan_filtered,False,True,breast_cancer_wisconsin-smotified_gan,N/A,N/A,N/A,N/A,N/A,N/A,N/A,N/A,N/A
iqr_Breast_Cancer_Wisconsin-smotified_gan,True,False,breast_cancer_wisconsin-smotified_gan,N/A,N/A,N/A,N/A,N/A,N/A,N/A,N/A,N/A
iqr_Breast_Cancer_Wisconsin-wgangp,True,False,breast_cancer_wisconsin-wgangp,0.9125 (± 0.0712),0.9433 (± 0.0463),0.9500 (± 0.0375),0.9784 (± 0.0246),0.9506 (± 0.0312),0.9746 (± 0.0360),0.9860 (± 0.0198),0.9141 (± 0.0552),0.9680 (± 0.0257)
Breast_Cancer_Wisconsin-gan_from_tutorial,False,False,breast_cancer_wisconsin-gan-tutorial,0.9052 (± 0.0605),0.9354 (± 0.0439),0.9414 (± 0.0363),0.9894 (± 0.0078),0.9377 (± 0.0342),0.9908 (± 0.0185),0.9953 (± 0.0091),0.8875 (± 0.0666),0.9654 (± 0.0214)
Breast_Cancer_Wisconsin-gan_from_tutorial_filtered,False,True,breast_cancer_wisconsin-gan-tutorial,0.9003 (± 0.0718),0.9366 (± 0.0431),0.9461 (± 0.0301),0.9794 (± 0.0402),0.9558 (± 0.0092),0.9529 (± 0.0841),0.9673 (± 0.0637),0.9250 (± 0.0177),0.9605 (± 0.0341)
iqr_Breast_Cancer_Wisconsin-gan_paper,True,False,breast_cancer_wisconsin-gan-paper,0.8959 (± 0.0369),0.9335 (± 0.0224),0.9433 (± 0.0153),0.9676 (± 0.0228),0.9484 (± 0.0060),0.9570 (± 0.0372),0.9751 (± 0.0216),0.9115 (± 0.0090),0.9615 (± 0.0135)
Breast_Cancer_Wisconsin-gan_paper,False,False,breast_cancer_wisconsin-gan-paper,0.8945 (± 0.0793),0.9288 (± 0.0561),0.9367 (± 0.0453),0.9890 (± 0.0136),0.9349 (± 0.0406),0.9814 (± 0.0272),0.9907 (± 0.0132),0.8828 (± 0.0781),0.9618 (± 0.0277)
iqr_Breast_Cancer_Wisconsin-gan_paper_filtered,True,True,breast_cancer_wisconsin-gan-paper,0.8933 (± 0.0487),0.9327 (± 0.0287),0.9449 (± 0.0172),0.9771 (± 0.0164),0.9568 (± 0.0035),0.9404 (± 0.0659),0.9626 (± 0.0428),0.9271 (± 0.0090),0.9593 (± 0.0199)
iqr_Breast_Cancer_Wisconsin-smote_filtered,True,True,breast_cancer_wisconsin-smote,0.8881 (± 0.0000),0.9302 (± 0.0000),0.9454 (± 0.0000),0.9931 (± 0.0000),0.9623 (± 0.0000),0.9231 (± 0.0000),0.9533 (± 0.0000),0.9375 (± 0.0000),0.9577 (± 0.0000)
Breast_Cancer_Wisconsin-wgangp_filtered,False,True,breast_cancer_wisconsin-wgangp,0.8750 (± 0.1243),0.9211 (± 0.0777),0.9344 (± 0.0596),0.9896 (± 0.0129),0.9447 (± 0.0396),0.9365 (± 0.0898),0.9626 (± 0.0529),0.9062 (± 0.0663),0.9536 (± 0.0461)
iqr_Breast_Cancer_Wisconsin-gan_from_tutorial,True,False,breast_cancer_wisconsin-gan-tutorial,0.8732 (± 0.0718),0.9196 (± 0.0442),0.9326 (± 0.0325),0.9629 (± 0.0334),0.9419 (± 0.0180),0.9394 (± 0.0609),0.9642 (± 0.0362),0.9010 (± 0.0291),0.9528 (± 0.0268)
iqr_Breast_Cancer_Wisconsin-wgangp_filtered,True,True,breast_cancer_wisconsin-wgangp,0.8683 (± 0.0090),0.9157 (± 0.0052),0.9290 (± 0.0033),0.9599 (± 0.0060),0.9367 (± 0.0004),0.9422 (± 0.0110),0.9673 (± 0.0066),0.8906 (± 0.0000),0.9517 (± 0.0034)
creditcard-gan_from_tutorial_filtered,False,True,gan-tutorial,0.8565 (± 0.0211),0.8524 (± 0.0234),0.8898 (± 0.0210),0.9698 (± 0.0198),0.9996 (± 0.0001),0.9423 (± 0.0192),0.9999 (± 0.0000),0.7797 (± 0.0421),0.9998 (± 0.0000)
creditcard-gan_from_tutorial,False,False,gan-tutorial,0.8507 (± 0.0237),0.8464 (± 0.0237),0.8862 (± 0.0165),0.9694 (± 0.0137),0.9996 (± 0.0001),0.9383 (± 0.0425),0.9999 (± 0.0001),0.7725 (± 0.0330),0.9998 (± 0.0000)
Breast_Cancer_Wisconsin-smote_filtered,False,True,breast_cancer_wisconsin-smote,0.8502 (± 0.0000),0.9062 (± 0.0000),0.9251 (± 0.0000),0.9413 (± 0.0000),0.9439 (± 0.0000),0.9062 (± 0.0000),0.9439 (± 0.0000),0.9062 (± 0.0000),0.9439 (± 0.0000)
iqr_creditcard-gan_from_tutorial_filtered,True,True,gan-tutorial,0.8476 (± 0.0178),0.8443 (± 0.0181),0.8878 (± 0.0129),0.9683 (± 0.0215),0.9996 (± 0.0000),0.9271 (± 0.0259),0.9999 (± 0.0000),0.7758 (± 0.0259),0.9998 (± 0.0000)
creditcard-wgangp,False,False,wgangp,0.8453 (± 0.0085),0.8399 (± 0.0093),0.8767 (± 0.0072),0.9631 (± 0.0001),0.9996 (± 0.0000),0.9489 (± 0.0009),0.9999 (± 0.0000),0.7534 (± 0.0143),0.9998 (± 0.0000)
iqr_Breast_Cancer_Wisconsin-ctgan_filtered,True,True,breast_cancer_wisconsin-ctgan,0.8441 (± 0.0787),0.9024 (± 0.0483),0.9212 (± 0.0364),0.9720 (± 0.0113),0.9393 (± 0.0209),0.9066 (± 0.0637),0.9439 (± 0.0397),0.8984 (± 0.0331),0.9416 (± 0.0302)
creditcard-gan_paper_filtered,False,True,gan-paper,0.8431 (± 0.0392),0.8394 (± 0.0384),0.8895 (± 0.0173),0.9711 (± 0.0207),0.9996 (± 0.0001),0.9156 (± 0.0815),0.9999 (± 0.0002),0.7791 (± 0.0347),0.9997 (± 0.0001)
creditcard-gan_paper,False,False,gan-paper,0.8411 (± 0.0455),0.8367 (± 0.0449),0.8871 (± 0.0142),0.9735 (± 0.0090),0.9996 (± 0.0000),0.9177 (± 0.0977),0.9999 (± 0.0002),0.7744 (± 0.0285),0.9997 (± 0.0001)
creditcard-wgangp_filtered,False,True,wgangp,0.8409 (± 0.0246),0.8343 (± 0.0247),0.8699 (± 0.0120),0.9657 (± 0.0046),0.9995 (± 0.0000),0.9563 (± 0.0250),0.9999 (± 0.0000),0.7399 (± 0.0239),0.9997 (± 0.0000)
creditcard-ctgan,False,False,ctgan,0.8390 (± 0.0093),0.8386 (± 0.0091),0.9036 (± 0.0024),0.9660 (± 0.0050),0.9997 (± 0.0000),0.8723 (± 0.0142),0.9998 (± 0.0000),0.8074 (± 0.0048),0.9997 (± 0.0000)
iqr_creditcard-wgangp,True,False,wgangp,0.8359 (± 0.0054),0.8308 (± 0.0053),0.8733 (± 0.0024),0.9642 (± 0.0030),0.9996 (± 0.0000),0.9364 (± 0.0060),0.9999 (± 0.0000),0.7466 (± 0.0048),0.9997 (± 0.0000)
iqr_creditcard-ctgan,True,False,ctgan,0.8357 (± 0.0016),0.8348 (± 0.0013),0.8969 (± 0.0024),0.9632 (± 0.0035),0.9996 (± 0.0000),0.8802 (± 0.0087),0.9998 (± 0.0000),0.7939 (± 0.0048),0.9997 (± 0.0000)
iqr_creditcard-smotified_gan,True,False,smotified_gan,N/A,N/A,N/A,N/A,N/A,N/A,N/A,N/A,N/A
iqr_Breast_Cancer_Wisconsin-gan_from_tutorial_filtered,True,True,breast_cancer_wisconsin-gan-tutorial,0.8305 (± 0.0465),0.8919 (± 0.0292),0.9108 (± 0.0223),0.9528 (± 0.0214),0.9243 (± 0.0150),0.9153 (± 0.0334),0.9517 (± 0.0191),0.8698 (± 0.0255),0.9378 (± 0.0170)
iqr_creditcard-ctgan_filtered,True,True,ctgan,0.8235 (± 0.0345),0.8228 (± 0.0342),0.8918 (± 0.0144),0.9656 (± 0.0008),0.9996 (± 0.0000),0.8659 (± 0.0408),0.9998 (± 0.0001),0.7838 (± 0.0287),0.9997 (± 0.0001)
iqr_creditcard-smotified_gan_filtered,True,True,smotified_gan,N/A,N/A,N/A,N/A,N/A,N/A,N/A,N/A,N/A
iqr_creditcard-wgangp_filtered,True,True,wgangp,0.8167 (± 0.0103),0.8113 (± 0.0097),0.8631 (± 0.0024),0.9718 (± 0.0037),0.9995 (± 0.0000),0.9189 (± 0.0172),0.9999 (± 0.0000),0.7264 (± 0.0048),0.9997 (± 0.0000)
creditcard-smotified_gan,False,False,smotified_gan,N/A,N/A,N/A,N/A,N/A,N/A,N/A,N/A,N/A
creditcard-ctgan_filtered,False,True,ctgan,0.7980 (± 0.0135),0.7908 (± 0.0130),0.8479 (± 0.0048),0.9513 (± 0.0024),0.9995 (± 0.0000),0.9156 (± 0.0183),0.9999 (± 0.0000),0.6959 (± 0.0096),0.9997 (± 0.0000)
Breast_Cancer_Wisconsin-ctgan,False,False,breast_cancer_wisconsin-ctgan,0.7943 (± 0.0260),0.8594 (± 0.0206),0.8805 (± 0.0166),0.9738 (± 0.0128),0.8853 (± 0.0160),0.9439 (± 0.0022),0.9720 (± 0.0000),0.7891 (± 0.0331),0.9265 (± 0.0088)
iqr_creditcard-gan_paper_filtered,True,True,gan-paper,0.7734 (± 0.2333),0.7699 (± 0.2322),0.8531 (± 0.1067),0.9682 (± 0.0263),0.9995 (± 0.0004),0.8483 (± 0.2592),0.9999 (± 0.0001),0.7063 (± 0.2135),0.9997 (± 0.0002)
iqr_creditcard-gan_from_tutorial,True,False,gan-tutorial,0.7585 (± 0.2108),0.7558 (± 0.2099),0.8567 (± 0.0976),0.9600 (± 0.0284),0.9995 (± 0.0003),0.8101 (± 0.2397),0.9998 (± 0.0002),0.7137 (± 0.1953),0.9996 (± 0.0002)
iqr_creditcard-gan_paper,True,False,gan-paper,0.7538 (± 0.2135),0.7376 (± 0.2447),0.8806 (± 0.0208),0.9574 (± 0.0330),0.9996 (± 0.0001),0.7933 (± 0.3058),0.9982 (± 0.0042),0.7630 (± 0.0392),0.9989 (± 0.0021)
iqr_creditcard-smote,True,False,smote,0.7511 (± 0.0210),0.7470 (± 0.0218),0.9183 (± 0.0113),0.9754 (± 0.0086),0.9997 (± 0.0000),0.6749 (± 0.0308),0.9993 (± 0.0001),0.8373 (± 0.0227),0.9995 (± 0.0001)
creditcard-smote,False,False,smote,0.7440 (± 0.0268),0.7379 (± 0.0310),0.9229 (± 0.0065),0.9736 (± 0.0073),0.9997 (± 0.0000),0.6558 (± 0.0486),0.9992 (± 0.0002),0.8465 (± 0.0131),0.9995 (± 0.0001)
iqr_creditcard-smote_filtered,True,True,smote,0.7391 (± 0.0322),0.7340 (± 0.0339),0.9167 (± 0.0134),0.9681 (± 0.0137),0.9997 (± 0.0000),0.6564 (± 0.0457),0.9992 (± 0.0001),0.8342 (± 0.0268),0.9995 (± 0.0001)
creditcard-smote_filtered,False,True,smote,0.7375 (± 0.0406),0.7324 (± 0.0417),0.9156 (± 0.0181),0.9562 (± 0.0315),0.9997 (± 0.0001),0.6551 (± 0.0506),0.9992 (± 0.0001),0.8320 (± 0.0360),0.9995 (± 0.0001)
creditcard-smotified_gan_filtered,False,True,smotified_gan,N/A,N/A,N/A,N/A,N/A,N/A,N/A,N/A,N/A
Breast_Cancer_Wisconsin-gan_paper_filtered,False,True,breast_cancer_wisconsin-gan-paper,0.6461 (± 0.5928),0.8205 (± 0.2832),0.8195 (± 0.2882),0.7919 (± 0.4079),0.8280 (± 0.2604),0.8252 (± 0.3496),0.7991 (± 0.4019),0.8398 (± 0.1746),0.8017 (± 0.3539)
Breast_Cancer_Wisconsin-ctgan_filtered,False,True,breast_cancer_wisconsin-ctgan,0.4211 (± 0.0428),0.6613 (± 0.0179),0.6985 (± 0.0210),0.6985 (± 0.0210),0.9404 (± 0.0288),0.5063 (± 0.0147),0.4439 (± 0.0198),0.9531 (± 0.0221),0.6031 (± 0.0242)
